rows,world,iter,time
1000000000,1,0,4704.771995544434
1000000000,1,1,4688.492059707642
1000000000,1,2,4688.622713088989
1000000000,1,3,4686.948537826538
