Parallelism,Time,min,max
1344,35201.26665,34616.56625,35716.28942
2688,20105.43061,19666.20234,20692.57998
5376,14531.32435,14025.47059,15228.72716
10752,12515.36843,11959.60712,13074.98538